{
    "vertices":[1.53923,-1,-4.3009,1.53923,-1,-2.3009,-0.460773,-1,-2.3009,-0.460773,-1,-4.3009,1.53923,1,-4.3009,1.53923,1,-2.3009,-0.460774,1,-2.3009,-0.460773,1,-4.3009],
    "animations":[],
    "materials":[{
        "wireframe":false,
        "opacity":1,
        "DbgIndex":0,
        "DbgName":"Material",
        "doubleSided":false,
        "shading":"phong",
        "transparent":false,
        "specularCoef":50,
        "colorSpecular":[0.0314972,0.202633,0.5],
        "colorDiffuse":[0.131385,0.64,0.00147603],
        "depthWrite":true,
        "depthTest":true,
        "vertexColors":false,
        "blending":"NormalBlending",
        "visible":true,
        "DbgColor":15658734,
        "colorEmissive":[0,0,0]
    }],
    "morphTargets":[],
    "colors":[],
    "metadata":{
        "vertices":8,
        "materials":1,
        "version":3,
        "uvs":0,
        "colors":0,
        "generator":"io_three",
        "type":"Geometry",
        "faces":6,
        "morphTargets":0,
        "normals":6
    },
    "faces":[35,0,1,2,3,0,0,0,0,0,35,4,7,6,5,0,1,1,1,1,35,0,4,5,1,0,2,2,2,2,35,1,5,6,2,0,3,3,3,3,35,2,6,7,3,0,4,4,4,4,35,4,0,3,7,0,5,5,5,5],
    "uvs":[],
    "normals":[0,-1,0,0,1,-2.98023e-08,1,5.96046e-08,2.98023e-07,-0,0,1,-1,-1.19209e-07,-2.38419e-07,0,0,-1]
}